{
  "nodes": [
    0,
    1,
    2,
    3,
    4
  ],
  "node_names": [
    "0",
    "1",
    "2",
    "3",
    "4"
  ],
  "steps": [
    {
      "iteration": 1,
      "source": 0,
      "topological_order": [
        0
      ],
      "remaining_candidates": [
        1,
        2,
        3,
        4
      ],
      "source_selection": {
        "candidates": [
          0,
          1,
          2,
          3,
          4
        ],
        "gain_matrix": [
          [
            0.0,
            163.24566544874688,
            7.143845100392355,
            9594.975523611472,
            9679.545179931505
          ],
          [
            102.51744319824502,
            0.0,
            16211.5220437721,
            26.11237420834368,
            12.877492341765901
          ],
          [
            39.96202599396929,
            30.52114955050638,
            0.0,
            42.41721386410063,
            -25.45294832260697
          ],
          [
            71.52708821307169,
            19.253851132729324,
            6.509573145216564,
            0.0,
            11825.08463775902
          ],
          [
            94.2884591295151,
            8.841911281779176,
            21.670008192042587,
            17671.40871573746,
            0.0
          ]
        ],
        "delta_matrix": [
          [
            null,
            60.72822225050186,
            -32.81818089357694,
            9523.4484353984,
            9585.25672080199
          ],
          [
            -60.72822225050186,
            null,
            16181.000894221594,
            6.858523075614357,
            4.0355810599867254
          ],
          [
            32.81818089357694,
            -16181.000894221594,
            null,
            35.90764071888407,
            -47.12295651464956
          ],
          [
            -9523.4484353984,
            -6.858523075614357,
            -35.90764071888407,
            null,
            -5846.324077978439
          ],
          [
            -9585.25672080199,
            -4.0355810599867254,
            47.12295651464956,
            5846.324077978439,
            null
          ]
        ],
        "incoming_pressure": [
          32.81818089357694,
          60.72822225050186,
          16181.000894221594,
          9523.4484353984,
          9585.25672080199
        ],
        "ranking": [
          {
            "node": 0,
            "incoming_pressure": 32.81818089357694
          },
          {
            "node": 1,
            "incoming_pressure": 60.72822225050186
          },
          {
            "node": 3,
            "incoming_pressure": 9523.4484353984
          },
          {
            "node": 4,
            "incoming_pressure": 9585.25672080199
          },
          {
            "node": 2,
            "incoming_pressure": 16181.000894221594
          }
        ]
      },
      "added_edges": [
        {
          "from": 0,
          "to": 1,
          "gain": 163.24566544874688
        },
        {
          "from": 0,
          "to": 2,
          "gain": 7.143845100392355
        },
        {
          "from": 0,
          "to": 3,
          "gain": 9594.975523611472
        },
        {
          "from": 0,
          "to": 4,
          "gain": 9679.545179931505
        }
      ],
      "pruned_edges": [],
      "outgoing_scores": [
        {
          "from": 0,
          "to": 1,
          "gain": 163.24566544874688,
          "significant": true
        },
        {
          "from": 0,
          "to": 2,
          "gain": 7.143845100392355,
          "significant": true
        },
        {
          "from": 0,
          "to": 3,
          "gain": 9594.975523611472,
          "significant": true
        },
        {
          "from": 0,
          "to": 4,
          "gain": 9679.545179931505,
          "significant": true
        }
      ],
      "incoming_scores": []
    },
    {
      "iteration": 2,
      "source": 1,
      "topological_order": [
        0,
        1
      ],
      "remaining_candidates": [
        2,
        3,
        4
      ],
      "source_selection": {
        "candidates": [
          1,
          2,
          3,
          4
        ],
        "gain_matrix": [
          [
            0.0,
            13491.707038043794,
            -3331.1033172734606,
            -3027.9955005363736
          ],
          [
            -11733.186296028522,
            0.0,
            -3346.2807860000175,
            -15058.0218563269
          ],
          [
            -11745.733693734772,
            -3597.1320447541075,
            0.0,
            -11559.714182566939
          ],
          [
            -11765.656825691287,
            -3190.6900370087533,
            6910.430256767984,
            0.0
          ]
        ],
        "delta_matrix": [
          [
            null,
            25224.893334072316,
            8414.630376461311,
            8737.661325154913
          ],
          [
            -25224.893334072316,
            null,
            250.85125875408994,
            -11867.331819318148
          ],
          [
            -8414.630376461311,
            -250.85125875408994,
            null,
            -18470.144439334923
          ],
          [
            -8737.661325154913,
            11867.331819318148,
            18470.144439334923,
            null
          ]
        ],
        "incoming_pressure": [
          -8414.630376461311,
          25224.893334072316,
          18470.144439334923,
          8737.661325154913
        ],
        "ranking": [
          {
            "node": 1,
            "incoming_pressure": -8414.630376461311
          },
          {
            "node": 4,
            "incoming_pressure": 8737.661325154913
          },
          {
            "node": 3,
            "incoming_pressure": 18470.144439334923
          },
          {
            "node": 2,
            "incoming_pressure": 25224.893334072316
          }
        ]
      },
      "added_edges": [
        {
          "from": 1,
          "to": 2,
          "gain": 13491.707038043794
        }
      ],
      "pruned_edges": [],
      "outgoing_scores": [
        {
          "from": 1,
          "to": 2,
          "gain": 13491.707038043794,
          "significant": true
        },
        {
          "from": 1,
          "to": 3,
          "gain": -3331.1033172734606,
          "significant": false
        },
        {
          "from": 1,
          "to": 4,
          "gain": -3027.9955005363736,
          "significant": false
        }
      ],
      "incoming_scores": []
    },
    {
      "iteration": 3,
      "source": 4,
      "topological_order": [
        0,
        1,
        4
      ],
      "remaining_candidates": [
        2,
        3
      ],
      "source_selection": {
        "candidates": [
          2,
          3,
          4
        ],
        "gain_matrix": [
          [
            0.0,
            -3346.2807860000175,
            -15058.0218563269
          ],
          [
            -2780.251080464979,
            0.0,
            -11559.714182566939
          ],
          [
            -2779.6773191946268,
            6910.430256767984,
            0.0
          ]
        ],
        "delta_matrix": [
          [
            null,
            -566.0297055350384,
            -12278.344537132274
          ],
          [
            566.0297055350384,
            null,
            -18470.144439334923
          ],
          [
            12278.344537132274,
            18470.144439334923,
            null
          ]
        ],
        "incoming_pressure": [
          12278.344537132274,
          18470.144439334923,
          -12278.344537132274
        ],
        "ranking": [
          {
            "node": 4,
            "incoming_pressure": -12278.344537132274
          },
          {
            "node": 2,
            "incoming_pressure": 12278.344537132274
          },
          {
            "node": 3,