{
  "nodes": [
    0,
    1,
    2,
    3,
    4
  ],
  "node_names": [
    "0",
    "1",
    "2",
    "3",
    "4"
  ],
  "steps": [
    {
      "iteration": 1,
      "source": 0,
      "topological_order": [
        0
      ],
      "remaining_candidates": [
        1,
        2,
        3,
        4
      ],
      "source_selection": {
        "candidates": [
          0,
          1,
          2,
          3,
          4
        ],
        "improvement_matrix": [
          [
            0.0,
            2.6187500008554707,
            -0.13066922835469086,
            -1.8281858122500125,
            -4.067801264580794
          ],
          [
            4.296655233576985,
            0.0,
            2.208720104373697,
            -15.564042709534988,
            -11.214714051931878
          ],
          [
            9.833733268585547,
            -3.9004898149096334,
            0.0,
            -7.337310925092879,
            -4.050861094543507
          ],
          [
            -1.1823901645948354,
            -11.018838723838144,
            0.02882420471178193,
            0.0,
            -2.3552286823332906
          ],
          [
            5.684991330830599,
            1.2706704972029002,
            0.8626552243927108,
            2.0248861414893327,
            0.0
          ]
        ],
        "delta_matrix": [
          [
            null,
            -1.677905232721514,
            -9.964402496940238,
            -0.6457956476551772,
            -9.752792595411393
          ],
          [
            1.677905232721514,
            null,
            6.10920991928333,
            -4.545203985696844,
            -12.485384549134778
          ],
          [
            9.964402496940238,
            -6.10920991928333,
            null,
            -7.366135129804661,
            -4.913516318936217
          ],
          [
            0.6457956476551772,
            4.545203985696844,
            7.366135129804661,
            null,
            -4.380114823822623
          ],
          [
            9.752792595411393,
            12.485384549134778,
            4.913516318936217,
            4.380114823822623,
            null
          ]
        ],
        "best_delta": [
          -0.6457956476551772,
          6.10920991928333,
          9.964402496940238,
          7.366135129804661,
          12.485384549134778
        ],
        "ranking": [
          {
            "node": 0,
            "best_delta": -0.6457956476551772
          },
          {
            "node": 1,
            "best_delta": 6.10920991928333
          },
          {
            "node": 3,
            "best_delta": 7.366135129804661
          },
          {
            "node": 2,
            "best_delta": 9.964402496940238
          },
          {
            "node": 4,
            "best_delta": 12.485384549134778
          }
        ]
      },
      "added_edges": [
        {
          "from": 0,
          "to": 2,
          "gain": 0.13066922835469086
        },
        {
          "from": 0,
          "to": 3,
          "gain": 1.8281858122500125
        },
        {
          "from": 0,
          "to": 4,
          "gain": 4.067801264580794
        }
      ],
      "pruned_edges": [],
      "outgoing_scores": [
        {
          "from": 0,
          "to": 1,
          "gain": -2.6187500008554707,
          "significant": false
        },
        {
          "from": 0,
          "to": 2,
          "gain": 0.13066922835469086,
          "significant": true
        },
        {
          "from": 0,
          "to": 3,
          "gain": 1.8281858122500125,
          "significant": true
        },
        {
          "from": 0,
          "to": 4,
          "gain": 4.067801264580794,
          "significant": true
        }
      ],
      "incoming_scores": []
    },
    {
      "iteration": 2,
      "source": 2,
      "topological_order": [
        0,
        2
      ],
      "remaining_candidates": [
        1,
        3,
        4
      ],
      "source_selection": {
        "candidates": [
          1,
          2,
          3,
          4
        ],
        "improvement_matrix": [
          [
            0.0,
            34.5051601229261,
            20.417713930305126,
            27.244344448834
          ],
          [
            -3.9004898149096334,
            0.0,
            28.89146896271768,
            34.68122492124621
          ],
          [
            -11.018838723838144,
            32.12020905289364,
            0.0,
            36.13150100415487
          ],
          [
            1.2706704972029002,
            33.768141277592804,
            38.71726879056132,
            0.0
          ]
        ],
        "delta_matrix": [
          [
            null,
            38.40564993783573,
            31.43655265414327,
            25.9736739516311
          ],
          [
            -38.40564993783573,
            null,
            -3.228740090175961,
            0.9130836436534082
          ],
          [
            -31.43655265414327,
            3.228740090175961,
            null,
            -2.58576778640645
          ],
          [
            -25.9736739516311,
            -0.9130836436534082,
            2.58576778640645,
            null
          ]
        ],
        "best_delta": [
          38.40564993783573,
          0.9130836436534082,
          3.228740090175961,
          2.58576778640645
        ],
        "ranking": [
          {
            "node": 2,
            "best_delta": 0.9130836436534082
          },
          {
            "node": 4,
            "best_delta": 2.58576778640645
          },
          {
            "node": 3,
            "best_delta": 3.228740090175961
          },
          {
            "node": 1,
            "best_delta": 38.40564993783573
          }
        ]
      },
      "added_edges": [
        {
          "from": 2,
          "to": 1,
          "gain": 3.9004898149096334
        }
      ],
      "pruned_edges": [],
      "outgoing_scores": [
        {
          "from": 2,
          "to": 1,
          "gain": 3.9004898149096334,
          "significant": true
        },
        {
          "from": 2,
          "to": 3,
          "gain": -28.89146896271768,
          "significant": false
        },
        {
          "from": 2,
          "to": 4,
          "gain": -34.68122492124621,
          "significant": false
        }
      ],
      "incoming_scores": []
    },
    {
      "iteration": 3,
      "source": 1,
      "topological_order": [
        0,
        2,
        1
      ],
      "remaining_candidates": [
        3,
        4
      ],
      "source_selection": {
        "candidates": [
          1,
          3,
          4
        ],
        "improvement_matrix": [
          [
            0.0,
            20.417713930305126,
            27.244344448834
          ],
          [
            24.891866353234946,
            0.0,
            36.13150100415487
          ],
          [
            35.0479268335971,
            38.71726879056132,
            0.0
          ]
        ],
        "delta_matrix": [
          [
            null,
            -4.474152422929819,
            -7.803582384763104
          ],
          [
            4.474152422929819,
            null,
            -2.58576778640645
          ],
          [
            7.803582384763104,
            2.58576778640645,
            null
          ]
        ],
        "best_delta": [
          -4.474152422929819,
          4.474152422929819,
          7.803582384763104
        ],
        "ranking": [
          {
            "node": 1,
            "best_delta": -4.474152422929819
          },
          {
            "node": 3,
            "best_delta": 4.474152422929819
          },
          {
            "node": 4,
            "best_delta": 7.803582384763104
          }
        ]
      },
      "added_edges": [],
      "pruned_edges": [],
      "outgoing_scores": [
        {
          "from": 1,