{
  "nodes": [
    0,
    1,
    2,
    3,
    4
  ],
  "node_names": [
    "0",
    "1",
    "2",
    "3",
    "4"
  ],
  "steps": [
    {
      "iteration": 1,
      "source": 2,
      "topological_order": [
        2
      ],
      "remaining_candidates": [
        0,
        1,
        3,
        4
      ],
      "source_selection": {
        "candidates": [
          0,
          1,
          2,
          3,
          4
        ],
        "improvement_matrix": [
          [
            0.0,
            -2.1967336185116437,
            3.550313058985921,
            -1.4754015115177026,
            4.207188363820023
          ],
          [
            2.6204043602992897,
            0.0,
            6.467394448853156,
            -6.7032954310197965,
            8.356245220620622
          ],
          [
            -99.90070126536739,
            -3.763645089682541,
            0.0,
            -4723.069881376534,
            -11112.429661058406
          ],
          [
            -1.5001634256859688,
            -9.17225671019878,
            -65.07800078238506,
            0.0,
            0.8435335077629134
          ],
          [
            -598.5383000872498,
            -0.6993186612926365,
            -7542.540173221641,
            -6077.652693243428,
            0.0
          ]
        ],
        "delta_matrix": [
          [
            null,
            -4.817137978810933,
            103.45101432435331,
            0.02476191416826623,
            602.7454884510698
          ],
          [
            4.817137978810933,
            null,
            10.231039538535697,
            2.468961279178984,
            9.055563881913258
          ],
          [
            -103.45101432435331,
            -10.231039538535697,
            null,
            -4657.991880594149,
            -3569.8894878367646
          ],
          [
            -0.02476191416826623,
            -2.468961279178984,
            4657.991880594149,
            null,
            6078.496226751191
          ],
          [
            -602.7454884510698,
            -9.055563881913258,
            3569.8894878367646,
            -6078.496226751191,
            null
          ]
        ],
        "best_delta": [
          602.7454884510698,
          10.231039538535697,
          -10.231039538535697,
          6078.496226751191,
          3569.8894878367646
        ],
        "ranking": [
          {
            "node": 2,
            "best_delta": -10.231039538535697
          },
          {
            "node": 1,
            "best_delta": 10.231039538535697
          },
          {
            "node": 0,
            "best_delta": 602.7454884510698
          },
          {
            "node": 4,
            "best_delta": 3569.8894878367646
          },
          {
            "node": 3,
            "best_delta": 6078.496226751191
          }
        ]
      },
      "added_edges": [
        {
          "from": 2,
          "to": 0,
          "gain": 99.90070126536739
        },
        {
          "from": 2,
          "to": 1,
          "gain": 3.763645089682541
        },
        {
          "from": 2,
          "to": 3,
          "gain": 4723.069881376534
        },
        {
          "from": 2,
          "to": 4,
          "gain": 11112.429661058406
        }
      ],
      "pruned_edges": [],
      "outgoing_scores": [
        {
          "from": 2,
          "to": 0,
          "gain": 99.90070126536739,
          "significant": true
        },
        {
          "from": 2,
          "to": 1,
          "gain": 3.763645089682541,
          "significant": true
        },
        {
          "from": 2,
          "to": 3,
          "gain": 4723.069881376534,
          "significant": true
        },
        {
          "from": 2,
          "to": 4,
          "gain": 11112.429661058406,
          "significant": true
        }
      ],
      "incoming_scores": []
    },
    {
      "iteration": 2,
      "source": 4,
      "topological_order": [
        2,
        4
      ],
      "remaining_candidates": [
        0,
        1,
        3
      ],
      "source_selection": {
        "candidates": [
          0,
          1,
          3,
          4
        ],
        "improvement_matrix": [
          [
            0.0,
            135.88141213043855,
            142.71116543867902,
            31.313132363400655
          ],
          [
            118.70066284306085,
            0.0,
            151.71892319043764,
            81.22520318870193
          ],
          [
            109.5103131266278,
            114.47444779631041,
            0.0,
            38.84272974423584
          ],
          [
            -413.4854873898512,
            96.06312182895999,
            -2414.065591899929,
            0.0
          ]
        ],
        "delta_matrix": [
          [
            null,
            17.180749287377694,
            33.20085231205121,
            444.79861975325184
          ],
          [
            -17.180749287377694,
            null,
            37.24447539412722,
            -14.837918640258067
          ],
          [
            -33.20085231205121,
            -37.24447539412722,
            null,
            2452.908321644165
          ],
          [
            -444.79861975325184,
            14.837918640258067,
            -2452.908321644165,
            null
          ]
        ],
        "best_delta": [
          444.79861975325184,
          37.24447539412722,
          2452.908321644165,
          14.837918640258067
        ],
        "ranking": [
          {
            "node": 4,
            "best_delta": 14.837918640258067
          },
          {
            "node": 1,
            "best_delta": 37.24447539412722
          },
          {
            "node": 0,
            "best_delta": 444.79861975325184
          },
          {
            "node": 3,
            "best_delta": 2452.908321644165
          }
        ]
      },
      "added_edges": [
        {
          "from": 4,
          "to": 0,
          "gain": 413.4854873898512
        },
        {
          "from": 4,
          "to": 3,
          "gain": 2414.065591899929
        }
      ],
      "pruned_edges": [],
      "outgoing_scores": [
        {
          "from": 4,
          "to": 0,
          "gain": 413.4854873898512,
          "significant": true
        },
        {
          "from": 4,
          "to": 1,
          "gain": -96.06312182895999,
          "significant": false
        },
        {
          "from": 4,
          "to": 3,
          "gain": 2414.065591899929,
          "significant": true
        }
      ],
      "incoming_scores": []
    },
    {
      "iteration": 3,
      "source": 3,
      "topological_order": [
        2,
        4,
        3
      ],
      "remaining_candidates": [
        0,
        1
      ],
      "source_selection": {
        "candidates": [
          0,
          1,
          3
        ],
        "improvement_matrix": [
          [
            0.0,
            135.88141213043855,
            148.32879032335404
          ],
          [
            115.65693562381966,
            0.0,
            156.92957619403023
          ],
          [
            90.86875732304179,
            114.47444779631041,
            0.0
          ]
        ],
        "delta_matrix": [
          [
            null,
            20.224476506618885,
            57.46003300031225
          ],
          [
            -20.224476506618885,
            null,
            42.45512839771982
          ],
          [
            -57.46003300031225,
            -42.45512839771982,
            null
          ]
        ],
        "best_delta": [
          57.46003300031225,
          42.45512839771982,
          -42.45512839771982
        ],
        "ranking": [
          {
            "node": 3,
            "best_delta": -42.45512839771982
          },
          {
            "node": 1,