{
  "nodes": [
    0,
    1,
    2,
    3,
    4
  ],
  "node_names": [
    "0",
    "1",
    "2",
    "3",
    "4"
  ],
  "steps": [
    {
      "iteration": 1,
      "source": 1,
      "topological_order": [
        1
      ],
      "remaining_candidates": [
        0,
        2,
        3,
        4
      ],
      "source_selection": {
        "candidates": [
          0,
          1,
          2,
          3,
          4
        ],
        "improvement_matrix": [
          [
            0.0,
            150.6593407159089,
            -12.279007995966822,
            4.65331004098698,
            39.336223867830995
          ],
          [
            1939.6602156290865,
            0.0,
            11.570531374716666,
            18.938061317508982,
            4670.769508981924
          ],
          [
            118.70935953000298,
            -3.361574223046773,
            0.0,
            6665.3740001063925,
            516.4333251206772
          ],
          [
            4.280959294817876,
            -4.382285789579328,
            8077.799013683718,
            0.0,
            1094.2448794787197
          ],
          [
            177.3565799118369,
            4589.616508236944,
            34.033271731444984,
            652.6664681196671,
            0.0
          ]
        ],
        "gain_matrix": [
          [
            0.0,
            150.6593407159089,
            -12.279007995966822,
            4.65331004098698,
            39.336223867830995
          ],
          [
            1939.6602156290865,
            0.0,
            11.570531374716666,
            18.938061317508982,
            4670.769508981924
          ],
          [
            118.70935953000298,
            -3.361574223046773,
            0.0,
            6665.3740001063925,
            516.4333251206772
          ],
          [
            4.280959294817876,
            -4.382285789579328,
            8077.799013683718,
            0.0,
            1094.2448794787197
          ],
          [
            177.3565799118369,
            4589.616508236944,
            34.033271731444984,
            652.6664681196671,
            0.0
          ]
        ],
        "delta_matrix": [
          [
            null,
            -1789.0008749131775,
            -130.9883675259698,
            0.37235074616910424,
            -138.0203560440059
          ],
          [
            1789.0008749131775,
            null,
            14.932105597763439,
            23.32034710708831,
            81.15300074498009
          ],
          [
            130.9883675259698,
            -14.932105597763439,
            null,
            -1412.4250135773254,
            482.4000533892322
          ],
          [
            -0.37235074616910424,
            -23.32034710708831,
            1412.4250135773254,
            null,
            441.57841135905255
          ],
          [
            138.0203560440059,
            -81.15300074498009,
            -482.4000533892322,
            -441.57841135905255,
            null
          ]
        ],
        "best_delta": [
          0.37235074616910424,
          1789.0008749131775,
          482.4000533892322,
          1412.4250135773254,
          138.0203560440059
        ],
        "ranking": [
          {
            "node": 1,
            "incoming_pressure": -14.932105597763439,
            "best_delta": 1789.0008749131775
          },
          {
            "node": 3,
            "incoming_pressure": 23.32034710708831,
            "best_delta": 1412.4250135773254
          },
          {
            "node": 4,
            "incoming_pressure": 482.4000533892322,
            "best_delta": 138.0203560440059
          },
          {
            "node": 2,
            "incoming_pressure": 1412.4250135773254,
            "best_delta": 482.4000533892322
          },
          {
            "node": 0,
            "incoming_pressure": 1789.0008749131775,
            "best_delta": 0.37235074616910424
          }
        ],
        "incoming_pressure": [
          1789.0008749131775,
          -14.932105597763439,
          1412.4250135773254,
          23.32034710708831,
          482.4000533892322
        ],
        "source_idx": 1,
        "source_old_rule_idx": 0
      },
      "added_edges": [
        {
          "from": 1,
          "to": 0,
          "gain": 1939.6602156290865
        },
        {
          "from": 1,
          "to": 2,
          "gain": 11.570531374716666
        },
        {
          "from": 1,
          "to": 3,
          "gain": 18.938061317508982
        },
        {
          "from": 1,
          "to": 4,
          "gain": 4670.769508981924
        }
      ],
      "pruned_edges": [],
      "outgoing_scores": [
        {
          "from": 1,
          "to": 0,
          "gain": 1939.6602156290865,
          "significant": true
        },
        {
          "from": 1,
          "to": 2,
          "gain": 11.570531374716666,
          "significant": true
        },
        {
          "from": 1,
          "to": 3,
          "gain": 18.938061317508982,
          "significant": true
        },
        {
          "from": 1,
          "to": 4,
          "gain": 4670.769508981924,
          "significant": true
        }
      ],
      "incoming_scores": []
    },
    {
      "iteration": 2,
      "source": 3,
      "topological_order": [
        1,
        3
      ],
      "remaining_candidates": [
        0,
        2,
        4
      ],
      "source_selection": {
        "candidates": [
          0,
          2,
          3,
          4
        ],
        "improvement_matrix": [
          [
            0.0,
            -733.7898355698126,
            -127.9042456705356,
            -123.33118119135179
          ],
          [
            -175.8208951693996,
            0.0,
            6420.354294050005,
            1157.617107034057
          ],
          [
            -192.1512606072829,
            6916.932824717907,
            0.0,
            3103.128018024887
          ],
          [
            -185.78691545801848,
            -680.7755772963574,
            1824.3201582469774,
            0.0
          ]
        ],
        "gain_matrix": [
          [
            0.0,
            -733.7898355698126,
            -127.9042456705356,
            -123.33118119135179
          ],
          [
            -175.8208951693996,
            0.0,
            6420.354294050005,
            1157.617107034057
          ],
          [
            -192.1512606072829,
            6916.932824717907,
            0.0,
            3103.128018024887
          ],
          [
            -185.78691545801848,
            -680.7755772963574,
            1824.3201582469774,
            0.0
          ]
        ],
        "delta_matrix": [
          [
            null,
            -557.968940400413,
            64.24701493674729,
            62.455734266666695
          ],
          [
            557.968940400413,
            null,
            -496.57853066790267,
            1838.3926843304143
          ],
          [
            -64.24701493674729,
            496.57853066790267,
            null,
            1278.8078597779095
          ],
          [
            -62.455734266666695,
            -1838.3926843304143,
            -1278.8078597779095,
            null
          ]
        ],
        "best_delta": [
          64.24701493674729,
          1838.3926843304143,
          1278.8078597779095,
          -62.455734266666695
        ],
        "ranking": [
          {
            "node": 3,
            "incoming_pressure": 64.24701493674729,
            "best_delta": 1278.8078597779095
          },
          {
            "node": 2,
            "incoming_pressure": 496.57853066790267,
            "best_delta": 1838.3926843304143
          },
          {
            "node": 0,
            "incoming_pressure": 557.968940400413,